1,Kaloyan Dutsolov,kaloyan_dutsolov@epam.com,kaloyan-dutsolov6
4,Stefan Georgiev,stefan_georgiev@epam.com,stef2georg
2,Elitsa Marinova,elitsa_marinova@epam.com,emarinova
3,Slavina Klisarska,slavina_klisarska@epam.com,SlavinaKlisarska
